User_ID,Name,Email,Phone,Balance,Registration_Date
1,Allison Hill,jillrhodes@miller.com,890.838.6379,639.43,19/08/2023
2,Abigail Shaffer,joshua35@gmail.com,615-594-0781,25.01,31/12/2024
3,Juan Calderon,janetwilliams@gmail.com,001-413-164-7525x53419,275.03,22/05/2024
4,Nicholas Martin,veronica83@hotmail.com,030-564-1395x37672,223.21,08/08/2023
5,Patrick Ryan,icox@hotmail.com,101.226.9166x9784,736.47,19/03/2024
6,Alexandra Le,daniel62@yahoo.com,4828148932,676.7,01/11/2023
7,Kimberly Osborne,tracy15@allen-allen.org,171-822-7824,892.18,28/02/2024
8,Jenny Lewis,raymond57@hayes.com,001-839-301-0310,86.94,12/11/2024
9,Jose Ramirez,ambercummings@hotmail.com,001-737-631-1656,421.92,30/11/2023
10,Nicholas Nunez,powellmatthew@wright.net,262.473.1781x080,29.8,28/03/2023
11,Sarah Martin,zlewis@gmail.com,(606)474-6872,218.64,11/06/2023
12,Wayne Riley,brian97@calhoun.net,219-136-1939,505.36,20/04/2024
13,Bradley Sandoval,james53@yahoo.com,(247)510-7991x1838,26.54,08/08/2023
14,Gregory Jones,justin78@turner.net,8412411824,198.84,21/08/2023
15,Michelle Harris,dking@gmail.com,+1-640-052-4278x6801,649.88,14/03/2023
16,Melissa Hernandez,brandi26@williams.com,(331)586-9232x260,544.94,03/06/2023
17,Evelyn Galvan,erik16@garrison.com,543.303.6541x458,-48.37,21/11/2023
18,Sarah Rivera,wileyjose@estes.biz,(569)816-9340x608,589.27,02/01/2025
19,Melissa Bentley,ryan59@alvarado-martinez.com,465.648.2366x29946,809.43,15/03/2024
20,Elizabeth Clark,rramos@gmail.com,721.489.5134x33200,6.5,24/07/2023
21,Miss Patricia Gibson,psnyder@douglas.com,001-632-870-8317x27889,805.82,18/09/2023
22,Stephanie Salazar,vmerritt@yahoo.com,434.873.4714x345,698.14,20/09/2023
23,Angela Hernandez,jasminebrown@yahoo.com,876-036-6909x67054,340.25,22/08/2024
24,Steven Houston,brobinson@johnson-rogers.biz,001-272-980-6990x1627,155.48,05/06/2023
25,James Lewis,kathleen64@yahoo.com,170-805-3100x330,957.21,11/05/2024
26,Cameron Caldwell,xlyons@jackson-lawson.com,001-241-904-9663x19314,336.59,05/11/2024
27,Renee Hogan,amanda51@holland.info,657-262-8498,92.75,07/09/2024
28,Mr. Nicholas Adams,ramirezshannon@hudson-barnett.com,7527354549,96.72,12/07/2024
29,Kristi Black,allenrichard@chang.info,014.363.4957x885,847.49,11/12/2023
30,Krista Bell MD,jerry35@gmail.com,001-823-374-9894x1343,603.73,22/10/2023
31,Adrian Ferguson,mccannangela@hotmail.com,(710)947-7752,807.13,23/02/2023
32,Scott Wilson,kvasquez@parks.com,318-699-9386,729.73,30/12/2023
33,Elizabeth Chapman,ashley09@hotmail.com,334-123-2812,536.23,17/01/2023
34,Michael Harrison,keithcampbell@jones-hall.com,+1-936-183-2421x0249,973.12,18/08/2024
35,Tammy Gonzales,holly48@hotmail.com,719.065.9401x3990,378.53,31/08/2024
36,Debra Williams,cstone@white-richards.info,756-551-2567,552.04,26/08/2023
37,Jennifer Hodges,qmiller@wilson-barton.net,8760385977,829.4,27/08/2024
38,Derek Anderson,fgilmore@gmail.com,9324808613,618.52,29/10/2024
39,Julia Wilson,scantu@thornton.info,782.639.8214,861.71,06/09/2024
40,Jennifer Villa,campbellkenneth@hotmail.com,001-727-875-5886,577.35,03/01/2024
41,Sheila Pollard,xhall@williams-garner.biz,(270)289-5171x8702,704.57,29/11/2023
42,Tracy Jones,cindy61@yahoo.com,+1-865-780-9134x31611,45.82,25/12/2023
43,Elijah Johnson,carternicholas@gmail.com,869.222.1969,227.9,28/06/2024
44,Thomas Thomas,steve07@yahoo.com,+1-821-759-4647x43671,289.39,18/07/2023
45,Ian Phillips,spencedominique@yahoo.com,9097439533,79.79,11/05/2024
46,Perry Saunders,bergerdebbie@kramer-johnson.com,001-214-562-3285x8842,232.79,02/08/2023
47,Terry Coffey,linda71@gmail.com,001-368-516-0481x75496,101,14/10/2024
48,Jacqueline Leonard,harveysherry@yahoo.com,+1-317-461-2004x711,277.97,16/07/2023
49,Brandy Chavez,nicolepena@yahoo.com,+1-640-537-7351x585,635.68,03/03/2023
50,Colton Martinez,batesdarlene@hotmail.com,532931839,364.83,01/07/2023
51,Crystal Schroeder,michele22@king.com,(053)950-2402,370.18,13/08/2024
52,Brian Brown,william17@hotmail.com,908.470.0766,209.51,30/06/2024
53,Micheal Wallace,charlene12@weber-richards.com,(984)789-6118x3673,266.98,02/12/2023
54,Jesse Perry,ronald45@mcdaniel.com,116-152-8098,936.65,26/03/2024
55,Bryan Gomez,schmittcaroline@yahoo.com,983-273-1585,648.04,14/04/2023
56,Laura Aguirre,anthony44@bell-white.com,001-612-018-3667,609.13,06/10/2023
57,Eric Nguyen,moorekaren@craig.info,+1-679-764-3815x61497,171.14,28/02/2024
58,Amber Foster,harrissierra@duran.com,076-226-8388,729.13,23/10/2024
59,Heather Sanders,esmith@johnston-berry.biz,160-529-7516x1369,163.4,22/11/2023
60,Jennifer Collins,masonjackson@hotmail.com,+1-188-355-2312x4329,379.46,13/05/2023
61,Mary Thompson,wwebster@hotmail.com,995.527.1774x490,989.52,15/10/2023
62,Emily Hayes,marie11@wheeler.com,935.978.2071x518,640,30/05/2024
63,David Kim,michaelhardin@yahoo.com,(590)515-1864x49251,556.95,11/04/2024
64,Sydney Collins,brookehurley@yahoo.com,-9972,684.61,11/09/2023
65,Daniel Meza,jeremytaylor@gmail.com,188-805-9296x2229,842.85,04/10/2024
66,Michelle Williams,tarabishop@hotmail.com,383.473.5977x468,776,28/02/2024
67,Christopher Gonzalez,brett75@villa.com,124-782-6137x5060,229.05,18/11/2023
68,Cynthia Vang,anthonygalvan@hotmail.com,+1-522-047-2779x0104,32.1,01/07/2023
69,Kimberly Acosta,parsonsjohn@gmail.com,3697117980,315.45,19/05/2024
70,Dana Thomas,mendezjohn@yahoo.com,(185)188-8880,267.74,14/11/2023
71,Amanda Hughes,julie51@yahoo.com,195.205.8527,210.98,08/07/2024
72,Clarence Taylor,carterbradley@gmail.com,5486874034,942.91,19/10/2023
73,Amber Rios,lloydsamuel@yahoo.com,001-765-277-5841x6169,876.37,14/10/2024
74,Edward Garcia,kirk96@gmail.com,001-757-059-6401x658,314.68,28/09/2024
75,Caitlin Johnson,martinezjoel@hotmail.com,(569)092-7557x192,655.44,01/03/2024
76,Ernest Ramirez,fitzgeraldvictor@mcintyre-wilson.com,001-739-473-1217x271,395.63,05/10/2024
77,Sarah Flores,piercekelly@yahoo.com,(258)313-2370,914.55,22/10/2023
78,Jackie Lara,jonesraymond@higgins.org,251-778-5289,458.85,05/06/2023
79,Betty Shaw,holmeskevin@morris.com,(841)438-4249x818,264.88,26/05/2024
80,Todd Moore,bryananthony@gmail.com,+1-943-969-0784x4736,246.63,03/09/2023
81,Michael Moore,vmarshall@hotmail.com,(555)625-8815,561.37,21/07/2023
82,Derek Wright,robertspatrick@barnes.com,001-532-787-7470,262.74,25/03/2023
83,Kathy Levy,brandon47@khan.net,1624565060,584.59,01/04/2024
84,Heidi Roberts,rduran@hotmail.com,+1-912-165-5852x39868,897.82,15/02/2023
85,Chad Cook,ghernandez@gmail.com,952-694-9588x87947,399.4,09/10/2024
86,Gary Rodriguez,laura09@yahoo.com,993-097-2896x230,219.32,03/04/2024
87,Ashley Smith,shernandez@gmail.com,(897)028-3857x86527,997.54,23/12/2024
88,Kimberly Lowe,plee@yahoo.com,-6628,509.53,09/01/2025
89,Mikayla Roberts,xcardenas@gmail.com,041-574-7338x4842,90.91,09/04/2023
90,Laurie Sanchez,briangutierrez@kennedy.net,(677)345-4019,47.12,14/07/2023
91,Miranda Zuniga,lkhan@osborn.info,(400)499-1547,109.65,27/05/2024
92,Kathleen Mays,james15@gmail.com,001-742-054-9329x6685,627.45,23/03/2023
93,Brandon Holden,shari04@yahoo.com,745.499.0453,792.08,04/03/2023
94,Julie Moore,fowlershelia@yahoo.com,+1-332-727-9568x783,422.16,28/08/2024
95,Paul Marks,xrice@stark.com,-7531,63.53,26/06/2024
96,Kevin Davis,chavezwilliam@yahoo.com,001-087-406-4039,381.62,12/03/2023
97,Gregory Brown,andersenthomas@ortiz-mack.biz,(676)618-2512x868,996.12,23/04/2023
98,Courtney Smith,steven86@gray.com,310-690-3311x907,529.11,23/04/2024
99,Shelby Sanchez,igonzales@webster.com,439.599.5342x83644,971.08,03/03/2023
100,Leslie Moss,dpeters@david-powers.net,662-462-8733x42708,860.78,01/12/2023
101,Kristin Anderson,james17@davis-hardy.com,4699013983,11.48,22/01/2024
102,Terry Turner,sharonhayden@burgess.com,001-936-385-4678x544,720.72,21/10/2023
103,Kathleen Garcia,robin55@yahoo.com,9320489964,681.71,13/05/2023
104,David Hudson,rpierce@scott-underwood.info,252.287.2808x010,536.97,30/08/2024
105,Chad Mccoy,albertwagner@brown-little.org,700.886.0084x8408,266.83,07/10/2024
106,Jessica Case,hullalice@lee.com,(461)567-9334x101,640.96,25/11/2023
107,Juan Brown,christopherbruce@mueller.com,033.974.0148x90250,111.55,24/06/2023
108,Nicole Marquez,evansanne@hotmail.com,(856)218-5016x3159,434.77,03/09/2024
109,Linda Novak,walterskristen@yahoo.com,358.662.9619x4311,453.72,11/08/2023
110,Michael Walters,michael10@yahoo.com,541.212.6788x861,953.82,04/02/2023
111,Julian Carlson,asmith@yahoo.com,001-183-982-6224x44721,875.85,24/05/2023
112,Jason Washington,johnathan37@jensen.com,(596)575-6924x5937,263.39,16/09/2023
113,James Flores,markramirez@yahoo.com,(193)982-8073x741,500.59,12/10/2024
114,Rebecca Chambers,john26@jones-ewing.info,001-688-680-5891,178.65,09/04/2023
115,Mary Kelly,vrasmussen@rodriguez-garcia.com,889.937.5679x82507,912.63,06/04/2023
116,Thomas Miller,larry73@webb.info,140-105-1238x28258,870.52,12/12/2023
117,Crystal Sullivan,daniellereynolds@mclaughlin.info,001-660-334-1918,298.44,09/06/2023
118,Craig Wilson,candice96@hotmail.com,557-924-9912,638.95,15/09/2023
119,Eric White,ibarnes@reyes.com,-8403,608.97,22/01/2023
120,Mr. James Hoffman,acohen@hotmail.com,721.903.4043x842,152.84,12/09/2024
121,Patrick Cannon,adamsamy@weaver-sherman.info,-8151,762.51,22/12/2023
122,Autumn Cain,michelle96@jensen.com,9584982544,539.38,03/04/2024
123,Scott Duke,sydneyfloyd@riddle.com,001-232-536-7294x667,778.63,14/03/2023
124,Sheryl Davis,shawn75@hotmail.com,1751863637,530.35,11/08/2023
125,Drew Kelley,rkramer@williams.info,1277063242,0.57,24/11/2024
126,Denise Pena,watsonrebecca@gmail.com,6436110371,324.16,28/04/2023
127,Kelly Wallace,lisa62@jones-reyes.com,554-262-2189,19.48,21/01/2023
128,Carly Bell,samanthajensen@heath-miller.com,(196)565-2341,929.1,26/07/2023
129,Lindsay Lawson,jamie98@adkins.com,761.379.1805,878.72,09/01/2025
130,James Combs,amy27@gmail.com,9104300684,831.67,17/05/2024
131,Pamela Henderson,davidsonamanda@gmail.com,141-832-8569x146,307.51,03/08/2024
132,Cynthia Sanchez,chavezchelsea@yahoo.com,+1-210-202-7588x42524,57.93,06/08/2024
133,Patricia Johnson,alexandria49@hotmail.com,778-507-9252,878.01,01/08/2023
134,Stephanie Craig,joycesmith@sanchez.com,(220)863-5365x4195,946.95,17/04/2023
135,Stephanie White,djones@ayala-collins.com,-5990,85.65,28/10/2023
136,Katherine Barton,edwardrandolph@hall.com,064-138-3670x24103,485.99,11/12/2024
137,Jennifer Huang,carpenterwilliam@hotmail.com,(199)062-3445x6557,69.21,14/08/2023
138,Tony Taylor,danielcole@russell-herrera.com,474.112.4903x521,760.6,20/07/2024
139,Henry Palmer,lori20@yahoo.com,883.171.2100x323,765.83,15/10/2024
140,Michael Pace,samantha10@gonzalez.info,(151)070-2966,128.39,04/02/2024
141,Michael Thompson,joshuagriffin@johnson.org,476.870.1462,475.28,06/12/2023
142,Stephen Fox,wcasey@stephens-washington.org,564.205.9304x07859,549.8,14/07/2023
143,Ariel Sandoval,gallagherstacie@hotmail.com,(522)395-5905x9929,265.06,10/06/2023
144,Rita Waller,tracydavis@gmail.com,+1-308-705-9325x250,872.43,01/02/2023
145,Michael Thomas,susan56@garcia.com,001-675-289-5392x6442,423.14,02/06/2023
146,Tiffany Fry,whitelucas@hotmail.com,917.251.3552,211.8,23/05/2024
147,Ann Fletcher,nsmith@gmail.com,001-154-100-6762x676,539.3,14/10/2023
148,Ashley Mendoza,shannonlloyd@phillips.com,152-621-8159,729.93,05/05/2024
149,Michele Reynolds,gmoore@harris-lee.net,001-844-431-0698x7205,201.15,17/01/2023
150,Edward Stanley,collinclark@hotmail.com,171-467-7418x6256,311.72,28/10/2023
151,Andrew Gonzales,maryelliott@gmail.com,001-115-869-3806x86879,995.15,29/11/2024
152,Edwin Foster,davidtodd@rush.com,206.163.2945,649.88,22/12/2024
153,Renee Miller,melissa87@gmail.com,001-998-616-2299x911,438.1,27/03/2024
154,Rachel Dillon,pbaker@yahoo.com,001-970-246-2996,517.58,14/02/2023
155,Shawn Vaughn,xmccall@morgan.com,713-247-5469x137,121,28/06/2023
156,Jennifer Washington,robertsonerik@yahoo.com,001-862-890-2330x307,224.7,23/02/2023
157,Michele Hill,hreid@hotmail.com,3579727985,338.09,09/10/2023
158,Steven Curry,anthony02@chan.com,+1-346-800-7229x03494,588.31,21/07/2024
159,Maria Coleman,stephen37@yahoo.com,+1-896-910-8589x94417,230.11,05/03/2023
160,Donald Nguyen,diana43@gmail.com,309.652.0744x66609,220.22,17/07/2024
161,Rose Cooper DDS,william28@gmail.com,172-482-5135x3465,70.99,30/10/2023
162,Edward York,delacruzbrandy@hotmail.com,738-168-4602,-616.75,01/05/2023
163,Grace Benitez DVM,lesliebaldwin@gmail.com,525.007.4329x2712,228.94,06/05/2024
164,Jeffrey Patterson,ismith@gmail.com,001-505-830-0335x4216,905.42,09/02/2024
165,Carol Colon,stephen89@hotmail.com,625-753-2603x32309,859.64,10/02/2024
166,Jacob Santos,qmcdowell@dean.com,+1-001-676-1847x2304,70.86,07/12/2023
167,Mary Nelson,grivas@higgins.com,393.483.5642x0873,238,02/07/2024
168,Erin Smith,conleyelizabeth@herring.com,001-143-744-7012x0455,668.98,11/12/2023
169,Anna Chang,christianelizabeth@murphy.org,155-216-6746x762,214.24,12/04/2023
170,Nicholas Jarvis,perrybrittany@gregory.com,+1-027-716-7014x508,132.31,02/09/2024
171,Misty Walker,reynoldsjessica@yahoo.com,(628)900-2877x217,935.51,21/09/2023
172,Wayne Williams,ppowell@stevens.info,775-170-1660,571.04,22/03/2024
173,Samantha Conner,diamondbryant@yahoo.com,(037)589-9757x113,472.67,16/01/2023
174,Ronald Brandt,jacqueline02@yahoo.com,(614)933-1637,784.62,16/10/2024
175,Michelle Rodriguez,housemary@hotmail.com,779-827-0808,807.5,10/01/2025
176,Kevin Glass,jessicaanderson@sandoval-obrien.com,669.346.5472x26984,190.41,30/10/2024
177,Shannon Joseph,jasonklein@reed.com,851.587.9968x46081,96.93,03/02/2023
178,Anthony Brown,tonyavega@gmail.com,4380571983,431.05,13/08/2024
179,Jasmine Dixon,housepaul@hotmail.com,800-439-7359x89334,423.58,29/12/2023
180,Michael Lopez,bennettroy@baker.com,720-259-0947x98515,467.02,27/02/2024
181,Clinton Jones,zdaniels@bailey.com,543-987-8015x73993,729.08,14/02/2023
182,Erica Moon,uscott@johnson-black.com,877.043.5811x28801,673.36,27/06/2023
183,Patricia Hancock,harrismaria@hotmail.com,001-612-075-0110x24819,984.17,14/10/2024
184,David Hughes,ystewart@hotmail.com,809-190-1581,98.42,28/08/2023
185,Elizabeth Miller,qfoster@gmail.com,283.268.4245x0882,402.62,20/04/2023
186,Kenneth Long,jason53@whitehead-york.com,(239)431-2908,339.3,08/01/2024
187,Angel Powers,gonzalezbeverly@yahoo.com,(231)491-3577x594,861.67,06/07/2024
188,Krystal Diaz,ujackson@gmail.com,645.257.7754,248.66,28/01/2024
189,Casey Obrien,patriciagonzalez@hotmail.com,+1-110-809-9693x0848,190.21,09/12/2024
190,Mrs. Patricia Diaz MD,stevendixon@yahoo.com,(803)928-2722x992,448.61,08/08/2024
191,Teresa Williams,bryanwood@gmail.com,+1-385-677-0051x84498,421.88,01/04/2024
192,Matthew Diaz,nicholas38@gomez-parrish.info,908.272.3184x3222,278.55,23/10/2023
193,Ruth Guerrero,jennifer77@yahoo.com,926.030.2992,249.81,29/04/2023
194,Amanda Armstrong,jonathanwhite@greene-elliott.com,001-413-797-7236x9292,923.27,13/05/2024
195,Deborah Ramsey,ecarlson@gmail.com,(621)038-8629x1279,443.13,24/04/2024
196,Richard Gordon,olsondavid@ryan.biz,650.863.7659x91624,861.35,20/01/2024
197,Susan Miller,jacob09@hotmail.com,806-356-5126,550.33,04/06/2024
198,Deborah Herrera,victoria63@yahoo.com,-8908,50.59,09/10/2023
199,Jennifer Taylor,seanlyons@garcia.biz,890-260-1279x61143,999.28,30/10/2023
200,Andrew Cruz,jennifer90@gmail.com,+1-770-384-3098x8392,836.03,21/06/2024
201,David Smith,sheakimberly@caldwell-sullivan.com,011.848.9554x39376,969,05/04/2024
202,Christopher Hunter,matthew18@walter-li.org,769-735-7790x714,926.37,08/03/2023
203,Richard Robinson,robert58@smith.com,(518)275-5394x2373,848.7,16/07/2023
204,Shelley Clark,marykelly@wilson.info,+1-080-759-5794x728,166.31,20/08/2023
205,Paul Anderson,cayers@hotmail.com,(627)187-5003x691,485.64,24/09/2023
206,Scott Lopez,josephmullen@yahoo.com,(276)365-5647x292,213.75,06/04/2024
207,Robin Le,mchase@marsh.com,026.728.8574x4890,401.04,20/11/2023
208,Christopher Lewis,gcombs@yahoo.com,001-545-588-4506x1593,58.64,07/04/2024
209,Mariah Thompson,mark87@hotmail.com,169.472.2569x961,378.97,17/03/2023
210,Darren Stewart,catherine64@yahoo.com,001-598-762-2023x41326,985.31,05/04/2023
211,Timothy Kennedy,wisealexandria@garcia.com,643-347-2282,265.2,06/02/2023
212,Howard Herman,iproctor@yahoo.com,-8994,784.07,25/05/2024
213,Emily Reed,ramosmichael@moore-smith.net,001-254-780-7740x64930,455.01,15/03/2024
214,Jason Castro,frankmclaughlin@yahoo.com,(341)638-9448x4631,423.01,05/06/2023
215,Brian Gibson,jackie73@yahoo.com,2080214427,957.32,01/08/2024
216,Brandon Smith,robert75@terry-johnson.com,001-204-618-7234x60136,995.42,05/09/2024
217,Danielle Vang,gmoss@wade.com,208-814-7435x03136,555.77,24/09/2023
218,Robert Richards,albertwilliams@hotmail.com,925.132.7195x0052,718.41,12/07/2024
219,Ashley Freeman,linda73@gmail.com,001-652-407-7848x739,154.8,08/06/2023
220,Erica Mcdonald,schmidtshannon@weaver-gibson.net,(209)593-5186x3878,296.71,14/05/2023
221,Erica Davidson,millscarl@white.com,731-096-7899,968.71,01/08/2023
222,Daniel Robbins,dianahebert@mcdonald.com,(865)094-8014x138,579.18,31/03/2023
223,David Cruz,ashleymeza@curry.org,(761)228-6852x897,542.2,09/01/2025
224,Ethan Frey,robert65@hotmail.com,983.684.5776,747.98,15/01/2023
225,Victoria Larson,adam33@smith-short.com,-2561,57.17,02/05/2023
226,Steve Wright,christopher69@gmail.com,001-157-279-1940x9610,584.18,31/12/2024
227,Hannah Montoya,kanejeremy@hotmail.com,+1-060-480-5892x583,502.85,13/05/2023
228,Nicholas Long,walkerkeith@yahoo.com,(251)790-8641,852.72,20/11/2023
229,Patricia Anderson,fhansen@pearson-gonzalez.org,001-833-146-5911x6655,157.43,11/06/2023
230,Kirk Johnson,vanessajensen@yahoo.com,+1-270-335-2110x392,960.78,19/11/2024
231,Donna Cooper,shannon05@singh.com,-2337,80.11,17/02/2023
232,Antonio Gonzalez,marshallsierra@gmail.com,(451)046-3681x5798,185.82,24/03/2023
233,Jonathan Ellis,wrightalyssa@burns-garner.com,(554)384-0460x843,595.04,12/05/2023
234,James Taylor,robertberry@yahoo.com,957-823-2983x2482,675.21,15/12/2023
235,Vanessa Thomas DVM,carlos81@stewart.com,001-566-474-2312x20994,235.2,29/04/2024
236,Crystal Hall,christopher72@mathis.com,(772)233-0604x6333,119.89,07/03/2023
237,Troy Gonzales,michelle36@yahoo.com,001-096-569-9988x08177,890.29,18/10/2024
238,Sherry Sanchez,grantzachary@hotmail.com,3476447264,246.22,05/05/2024
239,Melissa Mckee,gdavis@gmail.com,(982)665-7027,594.52,17/04/2024
240,Stephanie Khan,mario21@wilson.com,868-926-8602,619.38,23/12/2024
241,Seth Huffman,haroldjoseph@parker-cross.info,212-309-4077x7809,419.22,30/11/2024
242,Daniel Keller MD,burkeadam@hotmail.com,983-022-0502x099,583.67,03/09/2023
243,Brandon Rodriguez,emilycarr@graves.info,001-950-145-5616x8147,522.78,29/04/2023
244,Scott Murphy,heathersalazar@gmail.com,001-817-946-9548,934.71,05/04/2024
245,Heather Anderson DDS,nmorton@gmail.com,001-430-107-1396x605,204.26,13/10/2023
246,Marcia Smith,jonathan14@hunter-nguyen.com,556-990-2355,716.19,31/12/2024
247,Sydney Robles,dmoore@huang.com,495.880.3955x12405,238.69,02/11/2023
248,Sarah Duncan,brookehancock@yahoo.com,001-504-617-3574x384,395.79,30/05/2023
249,Richard Strickland,zhunter@stein-moore.com,845.218.2307x6810,671.69,13/09/2023
250,Melissa Wheeler,steven01@miranda.com,+1-353-344-8571x4224,300,13/04/2023
251,Marcus Palmer,andrea42@brock.com,+1-587-020-7016x016,316.18,15/11/2023
252,Kyle Watkins,larry38@gmail.com,001-792-171-7477x33294,751.86,24/12/2024
253,Clifford Stark,shawn01@yahoo.com,577-245-9928,72.54,04/04/2023
254,Miguel Rodriguez,amanda69@allen-sanchez.com,615.396.6958x3219,458.29,25/10/2024
255,Mr. Joel Peters,kylesullivan@hotmail.com,965-701-3290,998.45,25/08/2024
256,Chase Schmidt,rgonzalez@yahoo.com,946-519-0986x2405,-170.52,14/12/2024
257,Amy Warner,callahanmichelle@gmail.com,(965)666-6832x72386,73.26,31/10/2024
258,Sara Moore,alexanderwong@griffith.biz,(126)796-9278,213.15,10/12/2023
259,Joanna Kelly,kjacobs@bradford-young.net,689-500-9751x971,265.2,05/05/2023
260,Kelsey Villarreal,hblack@hotmail.com,371-894-9058,933.26,10/09/2024
261,Jesse Escobar,zgomez@yahoo.com,209-494-0792x9049,880.86,05/02/2023
262,Bradley Wagner,david44@yahoo.com,1929275243,879.27,26/01/2024
263,Joseph Johnson,caitlinunderwood@mullins-gutierrez.biz,723.950.4102,369.53,10/01/2024
264,Eric Reese,yvega@baker-moreno.biz,4765801856,157.75,03/05/2024
265,Shannon Rogers,scottbreanna@yahoo.com,001-393-852-5800x10618,833.74,05/04/2023
266,Heather Hardy,austinharvey@gmail.com,+1-391-119-2692x124,703.54,31/08/2023
267,Timothy Fowler,qschwartz@yahoo.com,214-066-5044x271,-339.58,31/01/2024
268,Christina Long,thomaskayla@gmail.com,+1-174-101-1947x072,987.23,05/06/2024
269,Tasha Ortega,isabelconway@hotmail.com,8776618306,653.98,03/07/2024
270,Karen Bradley,evelyn60@hotmail.com,+1-158-517-4328x0634,7.82,08/07/2024
271,Brian Barker,mccluresamuel@gmail.com,(030)937-6184,817.1,07/02/2024
272,Sandra Cole,morganmatthew@williams.net,829.310.2707x903,299.38,12/07/2024
273,Alexis Chen,bryantgeorge@hotmail.com,117-993-1365,663.39,06/10/2024
274,Nancy Morales,marcoconnell@duran.com,114-262-5827x39021,938.93,20/09/2024
275,Lisa Strickland,amiller@howe.org,672-324-8763x2909,134.29,03/06/2023
276,Lisa Miller,robert83@gmail.com,819-588-3734,115.43,25/02/2023
277,Robert Jennings,qthompson@gmail.com,5436459701,107.04,12/08/2024
278,Joshua Moore,erobertson@griffith.org,635-315-3136x36317,553.22,13/04/2024
279,Dr. Charles Reilly,paultaylor@hotmail.com,543.520.9042,272.35,11/04/2023
280,Judy Jackson,oliviamunoz@hotmail.com,+1-298-316-8739x774,604.83,26/01/2023
281,Nancy Wright,lriley@gmail.com,001-060-078-0686,717.61,22/01/2024
282,Melissa Garcia,christophermullins@hotmail.com,001-632-543-1074x2799,203.6,02/02/2023
283,Julie Taylor,kristywood@yahoo.com,001-016-580-4649x893,634.24,17/09/2024
284,Lisa Rogers,pamela16@marshall-williams.com,(818)325-3817,263.98,09/08/2024
285,Lauren Haley,lukehurst@frazier.com,788.178.8479x513,488.53,07/12/2024
286,Anita Myers,susan11@hill.com,238.046.8275x6704,905.34,10/06/2023
287,Shane Hall,plane@hotmail.com,798-877-4924x24375,846.1,26/08/2023
288,Amber Gomez,christinemartin@hotmail.com,222-231-0592x7452,92.3,23/06/2023
289,Amanda Stewart,nathanfernandez@gmail.com,-8601,423.58,10/08/2024
290,Katie Holland,wkemp@hotmail.com,+1-297-517-0281x40693,276.68,27/12/2023
291,Gabriel Franklin,kimberlywang@johnson.info,+1-186-375-9980x56265,3.55,10/11/2023
292,Dustin Bell,lewispamela@hotmail.com,(742)662-9912x34785,771.12,07/03/2023
293,Leslie Bennett,rfowler@thompson-murray.org,001-232-648-7049x47873,637.11,04/02/2023
294,Brittany Evans,valdezpatricia@yahoo.com,(730)147-1959,261.96,23/01/2024
295,Sheena Burton,brooksjessica@gmail.com,290-257-2520x456,741.23,23/05/2024
296,Heather Roberts,katiewhite@george.net,544-518-9520x28457,551.68,01/12/2023
297,Thomas Garcia,mariepope@austin.net,001-816-711-2075x452,427.69,10/10/2024
298,William Mills,jenniferjohnson@gmail.com,223.423.2161,9.67,16/03/2023
299,John Reynolds,johnsondonna@brown.com,011-939-3250x1249,75.24,12/10/2023
300,Scott Norman,garciabelinda@rice.com,280-138-7592x7125,883.11,05/11/2023
301,Jose Russell,owensapril@yahoo.com,001-548-015-7164x79473,903.93,20/03/2024
302,William Patterson,xcrosby@smith.info,+1-167-811-2669x12153,545.59,05/10/2023
303,Ryan Powell,rhardy@miranda.biz,(796)784-2711x477,834.6,13/07/2023
304,Brandy Garcia,jimenezanthony@reyes.com,(499)118-7734,582.51,12/06/2024
305,Mr. Joshua Pacheco MD,ewingnicole@reyes.biz,700.284.2762x467,148.09,30/08/2024
306,Michael Keller,khart@hotmail.com,6479695450,127.45,05/02/2023
307,Bethany Richardson,oscar65@jenkins-brown.com,349.114.1520,308.26,08/03/2024
308,Joel Boyer,andrew79@gmail.com,696-591-7135x78529,898.98,04/09/2023
309,Jeffrey Crawford,karlwilliams@morales.com,001-919-541-9876x351,796.12,04/06/2024
310,Kathy Evans,robertking@hotmail.com,820.829.7374x896,860.7,09/01/2025
311,Lori Boyd,jhernandez@hotmail.com,+1-466-513-6442x49363,898.92,13/04/2023
312,Alexis Robles,bwashington@yahoo.com,+1-032-420-4482x0700,210.08,12/11/2024
313,Emily Evans,qmosley@blackwell.com,198.189.8471,249.53,18/07/2023
314,Patricia Edwards,selenarobinson@gmail.com,(347)649-0785,102.79,11/07/2024
315,Emily Coleman,natasha25@baldwin-underwood.com,+1-900-348-6451x8376,780.12,21/01/2023
316,Jenna Spence,christopher34@gmail.com,(756)041-7765,884.13,25/07/2024
317,Thomas Garcia,william56@daniel.com,001-027-206-3459x11238,406.38,22/07/2024
318,Sandra Hines,shannon24@gmail.com,+1-954-316-5266x93008,620.66,31/05/2024
319,Crystal Davis,josechristian@gmail.com,(969)421-5291x0867,154.55,18/10/2024
320,Bailey Reeves,keith76@reynolds.org,436.262.0443,929.88,08/05/2024
321,David Aguilar,smithdean@yahoo.com,001-636-694-1180x053,864.61,15/01/2024
322,Yesenia Crosby,kingchristine@madden-lambert.com,-8091,976.21,25/03/2023
323,Joseph Thomas,bradley27@adkins-howe.com,948-562-5728x703,810.77,10/05/2023
324,Clifford Harrison,fgraham@alexander.net,771.215.1342x2849,881.42,06/12/2024
325,Christy Bolton,robertjones@rhodes-clay.com,165-915-2017x7749,24.79,09/06/2024
326,Wayne Douglas,stacey92@gmail.com,4501896164,736.56,02/06/2023
327,Randy Ross,frankchan@holland-best.com,476-492-5158,332.19,19/06/2023
328,Stephen Alvarez MD,avilalisa@hotmail.com,(661)085-7327,930.82,28/02/2024
329,Kelly Roberts,solomontim@gmail.com,(438)649-0810,802.24,17/02/2024
330,Jeffery Davis,jonathan18@gmail.com,722-601-6459,864.06,30/07/2024
331,Michael Hanson,tammy23@gmail.com,941-680-0610,810.75,28/05/2023
332,Julia Sullivan,christine95@hotmail.com,+1-641-220-3103x03723,266.81,19/12/2023
333,Shannon Ryan,kayla27@johnson-martin.com,001-777-079-3349x6050,787.37,04/04/2023
334,Michelle Petty,benjamin67@hotmail.com,001-973-080-6958,108.1,05/03/2023
335,Matthew Small,pdean@west-graham.com,375-738-3959x7246,872.17,04/12/2023
336,Megan Navarro,christycampbell@hotmail.com,722-329-7167,858.59,07/09/2023
337,Justin Kidd,michael22@hotmail.com,1561931837,222.43,03/08/2023
338,Rachel Hammond PhD,melissarusso@hotmail.com,+1-107-711-9918x08121,816.59,21/11/2024
339,Isaiah Chandler,goconnor@gmail.com,+1-552-137-6037x5482,460.3,22/03/2023
340,Mike Perry,karenmoreno@taylor.biz,(785)072-0811x55626,305.19,03/03/2023
341,Andrew Nielsen,levinetina@liu.net,550-489-2673x8997,795.35,09/07/2024
342,Robert Wong,christopher85@hardy-singh.com,843.188.4852x00894,227.6,21/07/2023
343,Elizabeth Henderson,skinnerjordan@gomez.com,490.753.9989x354,23.66,24/08/2023
344,Robin Armstrong,pstone@murphy.com,001-571-266-1106x27371,193.13,28/10/2023
345,Jennifer Hansen,breanna67@hotmail.com,622.827.7288x1377,328.26,09/02/2023
346,Terry Wood,xrodriguez@roberts.com,(447)022-9604x432,864.35,12/10/2024
347,April Kelley,butlerashley@chavez.org,(287)772-5199,966.89,29/11/2023
348,Steven Morgan,pfitzgerald@cline.com,001-481-813-9890,-617.75,01/04/2024
349,Nicole Shaw,barrettamanda@hill.com,001-971-895-6907x056,641.48,04/06/2023
350,Scott Stewart,wilsoncory@gmail.com,224-124-6209x5200,399.68,03/09/2023
351,Francisco Gutierrez,nicholas10@gmail.com,993.788.6140,981.15,19/09/2023
352,Jason Washington,robinsmith@hotmail.com,001-138-249-6718,536.22,22/06/2023
353,Brenda Fernandez,amandahenderson@hayes.org,200-749-4653x9840,939.24,20/05/2023
354,Kristine Turner,rivasjessica@yahoo.com,(398)554-7435x53795,115.34,27/01/2023
355,Brandi Nielsen,valenzuelaemily@yahoo.com,-1600,970.4,07/10/2024
356,Kyle Hughes,fordsharon@smith-paul.com,+1-531-943-3750x47930,178.57,16/06/2023
357,Miss Ashley Ramirez,andreakeller@hotmail.com,+1-992-192-1249x38430,962.53,06/07/2024
358,Lisa Becker,pacedanielle@hotmail.com,5664187758,265.47,26/08/2024
359,Nathan Williams,zstewart@gmail.com,190-361-3325x41107,108.4,16/12/2023
360,Leslie Sims,john73@yahoo.com,5831997179,434.56,21/04/2023
361,Antonio Johnson,pattonbryan@yahoo.com,4961108046,728.55,22/11/2023
362,Paul Hall,yreyes@hobbs-harvey.com,+1-078-593-1109x1939,313.68,22/04/2023
363,Dawn Fisher,johnrobles@gmail.com,(496)854-9822,606.21,14/01/2024
364,Grant Wood,brianhunter@trevino.com,+1-315-377-9599x5946,511.42,27/09/2023
365,Jesse Mccormick,arobinson@walker.com,563.620.5015x0812,385.2,28/08/2023
366,Mark Durham,hesterjames@yahoo.com,(342)583-2302,576.59,30/10/2024
367,Brian Decker,hpena@boyle-torres.com,(528)961-1223x386,254.72,07/07/2024
368,Kyle Rowland,hinesbrenda@phillips.com,(897)317-9128,708.79,12/11/2023
369,Maria Hicks,twhite@yahoo.com,777.496.9033x37363,1.69,09/09/2023
370,James Moore,andrea21@yahoo.com,853.907.8956x776,925.58,28/11/2023
371,Jonathan Nelson,scottbaker@howard.com,881.431.1150x83535,538.45,28/07/2023
372,Robert Sutton,janicebolton@hotmail.com,001-840-445-6690x7826,719.43,10/07/2023
373,Paul Wells,fpeterson@yahoo.com,663.778.0529,741.95,23/11/2024
374,Tony Smith,jeremiah66@hotmail.com,-2807,670.63,18/05/2024
375,Susan Berry,zharris@gmail.com,-8207,364.22,06/04/2023
376,Cassandra Serrano,lopezchad@yahoo.com,334-817-0580x2566,69.97,16/05/2023
377,Betty Barnes PhD,davidharris@yahoo.com,001-729-949-3874x302,664.24,27/12/2023
378,James Aguirre,kstevens@gmail.com,001-147-546-9263x2967,-970.31,09/11/2023
379,Catherine Carroll,allenmonica@yahoo.com,+1-841-376-8151x1856,313.92,31/12/2023
380,Daniel Williams,fowleremma@james-reese.com,(004)125-7771x1837,848.02,03/05/2023
381,Douglas Martin,thompsondavid@myers.com,(752)308-3708,719.75,26/05/2024
382,Mary Garcia,awilliams@gmail.com,001-633-533-1060x05313,300.32,30/11/2024
383,Russell Beck,perrydaniel@morris-sims.org,866.133.1552,309.28,26/01/2023
384,Eugene Price,cameronbriggs@hotmail.com,+1-501-364-9718x924,408.39,29/03/2023
385,Vicki Horton,gregory57@rogers.org,683.890.3091x436,402.4,25/08/2024
386,Bobby Taylor,james63@hotmail.com,3975245086,295.66,01/06/2024
387,Nicole Perez,john80@hotmail.com,396.852.7017,127.29,10/03/2023
388,Amy Braun,christopherwatkins@young.biz,001-742-336-2934x4973,420.45,14/08/2023
389,Karen Tapia,egray@yahoo.com,(896)270-6614x98282,940.36,02/08/2023
390,Eric Campbell,cookjennifer@gmail.com,(300)857-6665,677.32,09/11/2023
391,Martin Chapman MD,cruzariel@hines.com,750.663.3705x02497,902.81,26/06/2024
392,David Lane,wilsonchristopher@rangel.com,362.644.8869x46119,615.51,09/09/2024
393,Robin Adams,ahale@velasquez.com,686-462-2522,300.95,17/06/2023
394,Mr. Brian Bradley,jamesbrady@green.info,+1-912-141-6141x5093,547.94,21/01/2024
395,Dr. Adam Adams,davisalexa@bennett.com,759.655.5535x6690,0.41,18/10/2023
396,Renee Smith,anthonymartinez@hotmail.com,357-978-6305x050,286.91,03/10/2024
397,Megan Hall,ystevenson@gmail.com,(671)649-3289x802,429.89,05/02/2024
398,Elizabeth Nunez,peggyfriedman@yahoo.com,+1-833-321-1602x56434,579.98,15/06/2024
399,Steven Martinez,sdavis@wiggins-huynh.org,566-863-3414,654.71,24/03/2023
400,Gerald Vargas,berrydavid@finley-ray.com,098-366-5528x9931,464.99,18/11/2023
401,Samuel Stewart,vincentbryant@hotmail.com,209-548-1497x3746,442.16,01/03/2023
402,Mrs. Samantha Clark,leblanckimberly@luna-evans.com,8656756618,213.7,01/08/2024
403,Michael Lee,andersonkaren@hotmail.com,4729277423,473.19,03/07/2023
404,Christina Curtis,gregoryvanessa@gmail.com,(620)157-2018x5962,901.18,15/05/2024
405,Danielle Wilson,mturner@gmail.com,+1-617-647-5011x1178,796.02,08/07/2023
406,Kenneth Armstrong,bauerherbert@yahoo.com,+1-649-215-1826x0688,169.69,14/09/2024
407,Katherine Stone,tammymerritt@atkins.com,8751029321,84.8,26/03/2024
408,Paul Miller,michael82@rowland-barrett.com,084-872-9758x5988,515.45,26/06/2023
409,Mary Williams,donaldchase@bernard.net,954.296.1844,632.94,07/11/2023
410,Carla Bryant,jbentley@hotmail.com,143.598.9262,335.19,17/09/2023
411,Jessica Johnson DDS,david18@jones-bowman.com,423-401-6361x12849,818.42,13/10/2024
412,Anna Bailey,catherine02@yahoo.com,001-625-889-6792x40822,751.14,05/05/2023
413,Nicolas Brown,erikabarnes@yahoo.com,(757)844-6834,672.8,22/05/2024
414,Theresa Russell,walterschase@gmail.com,290-148-7068,224.64,08/01/2025
415,Karen Robertson,msmith@smith.com,890.972.8321,199.13,27/10/2023
416,Kayla Farley,xgray@gmail.com,381-447-4430x96348,24.43,17/10/2024
417,Taylor Stafford,kellychristina@yahoo.com,510-526-5016x7318,244.84,18/02/2024
418,Jennifer Gentry,kaylawright@foster-evans.biz,(841)772-2560,475.14,21/10/2023
419,Michelle Rodriguez,andersonrobert@yahoo.com,2374167872,849.74,24/09/2023
420,Phyllis Ross,danielrodriguez@gmail.com,(258)030-5690,72.83,18/12/2023
421,Douglas Miller,christinadaniel@gmail.com,414.363.7189,414.44,04/06/2023
422,Scott Fuller,davidmorales@mooney-hickman.biz,9310668433,629.77,03/10/2023
423,Antonio Simmons,daniel54@dawson-wright.com,(000)534-7491,194.44,15/12/2023
424,Travis Cox,davisalexander@hotmail.com,001-255-598-9534x39611,696.35,26/04/2023
425,Lindsay Williams,janetschaefer@mcmahon.com,738-202-3684x8557,494.38,18/05/2024
426,Susan Jones,jacksonjoshua@gmail.com,090-367-8812x7868,243.98,11/09/2024
427,Lawrence Clark,ashleyvargas@suarez.info,844.344.8123x08340,656.06,25/05/2024
428,Stephen Ho,dayjohn@gmail.com,-2901,5.54,28/11/2023
429,Elizabeth Galloway,jeffrey42@bonilla-medina.org,649-837-3543,750.96,10/04/2024
430,Shannon Foster,jessicahamilton@gmail.com,172.722.3972x4042,770.05,02/12/2024
431,James Franklin,charlessanchez@waller.com,+1-166-010-0231x429,106.59,25/01/2023
432,Alexandra Conner,harristimothy@hotmail.com,245.723.0848x100,425.15,04/04/2023
433,Ashley Tanner,aaronwalker@gmail.com,(625)436-1721x31451,175.89,07/05/2024
434,Isaac Middleton,munozgregory@rogers.com,+1-451-475-4102x252,957.97,14/11/2023
435,Robert Bray,lanesusan@thomas-morris.com,(655)767-6952,517.96,29/09/2024
436,Tammy Reyes,opatel@yahoo.com,968-931-3503,50.22,05/11/2024
437,Justin Rosario,pruittmichael@phillips.net,(333)021-2606x50191,249.2,20/01/2024
438,Sheila Johnson,christianjones@hotmail.com,(227)284-7657x04120,848.34,29/11/2024
439,Lindsey Thompson,sandersrodney@spencer-gallegos.org,436.241.8623x69036,456.46,06/06/2023
440,Vanessa Jacobs,pwoods@sullivan.com,+1-634-111-5950x3428,801.42,07/04/2023
441,Kyle Avila,andrealittle@gmail.com,419.909.7005,667.58,28/03/2023
442,Alejandra Kelly,uporter@yahoo.com,001-521-568-1820x9679,987.89,19/11/2024
443,Donna Hernandez,mcclurechristopher@hotmail.com,322.889.8572,595.45,05/10/2023
444,Marcus Bentley,nallen@jones.info,024-817-1752,950.04,09/01/2025
445,Barry Ray,jonesjennifer@yahoo.com,747-219-7054x669,891.43,27/12/2024
446,Jessica Hunt,christopher68@yahoo.com,090-380-2146x296,612.65,08/11/2024
447,James Ford,steven87@miller.com,(636)515-5973x7147,719.27,13/02/2023
448,Tiffany Thomas,ashley96@mayer.biz,303.064.4212x1461,504.78,03/09/2023
449,Jocelyn Barnes,jack01@peterson-mullins.com,567.782.6596,830.57,15/10/2024
450,Richard Harper,mariodowns@newton.com,275.164.8072x791,547.87,12/02/2023
451,William Fisher,nrobinson@bonilla.com,(504)481-7766x558,897.21,11/12/2023
452,Pamela Wilson,lpatterson@larson.biz,+1-491-111-0961x7981,743.66,21/05/2024
453,Kevin Johnson,xlewis@yahoo.com,-8987,474.67,13/01/2025
454,Danny Campbell,mary63@gmail.com,(000)258-9552x96386,259.19,13/06/2023
455,Jennifer Williams,sheilamyers@hotmail.com,(658)263-1281,247.24,19/05/2024
456,Jenna Gill,stacyharris@gmail.com,6092098196,637.66,03/02/2023
457,Bianca Chavez,johnhurst@yahoo.com,836.404.1209,765.81,18/11/2024
458,Jimmy Carlson,justinkline@jones.com,(170)617-1366x5722,521.3,04/09/2023
459,Christopher Bradley,daughertyvictoria@cooley-greene.com,(841)390-8088,626.75,28/08/2024
460,Sean Wilson,murphyjeffrey@holt.com,584-776-8634,274.6,29/05/2023
461,Ryan Love,silvakatie@yahoo.com,(376)769-4591,77.48,30/04/2024
462,Curtis Gomez,cjackson@king.net,(601)256-2531x355,285.73,07/05/2023
463,Barbara Flores,jason95@hoffman.com,+1-383-184-9196x655,271.72,17/06/2023
464,Robert Jimenez,cwilson@gmail.com,+1-596-390-4090x742,319.71,29/10/2024
465,Amanda Ferguson,deanna17@gallegos.com,556-185-7906x477,540.15,04/11/2024
466,Susan Cameron,walkermargaret@garcia.biz,213.580.0401,138.37,21/02/2023
467,Angela Murphy,holly29@yahoo.com,252-967-1883,231.26,07/04/2024
468,John Ramirez,christophermiranda@hotmail.com,583-311-7030,693.95,18/06/2024
469,Robert Lopez,jason98@garrison.info,+1-281-235-6798x3631,706.42,18/08/2023
470,Michael Lynn,stevenrodriguez@allen.com,078-754-1815x632,64.23,19/11/2023
471,Katie Brown,corey66@gmail.com,362-948-9786x1031,407.6,04/07/2023
472,Steven Johnston,pateljoshua@lyons.com,001-473-235-4940x1289,542.61,20/01/2024
473,Sarah Watts,erin22@yoder-thomas.com,+1-765-024-1209x57907,415.77,23/11/2024
474,Brian Fuentes,aliciajackson@gmail.com,001-114-577-5847x45705,206.83,05/09/2023
475,Stephanie Hampton,nelsonapril@hotmail.com,2632570396,420.14,21/10/2023
476,Brandon Knapp,sheppardnatalie@hotmail.com,-8200,904.84,12/09/2023
477,Kevin Miles,kpope@roberts-montes.info,+1-272-849-8247x41407,584.08,15/02/2023
478,Roger Martinez,adam50@gmail.com,254-882-1423x691,695.52,28/08/2023
479,John Gomez,gross@yahoo.com,942-965-9234x2683,856.73,05/09/2023
480,Edward Ho,nicholasliu@yahoo.com,287-585-7567,765.59,07/12/2023
481,Julia Gaines,idavis@meadows.com,(989)406-2607,380.38,03/10/2024
482,Kelly Combs,nelsonvalerie@cook.com,001-750-198-0382,5.9,26/03/2024
483,Kathleen Walker,courtney07@watts.org,813-317-0876,351.76,27/02/2023
484,Elizabeth Webb,meaganpayne@maldonado.biz,(022)328-8377,753.48,28/08/2023
485,Brett Chapman,peter17@yahoo.com,(204)719-6094x09705,853.45,03/05/2023
486,Nathan Hill,vincent83@orr-warren.net,225-957-2446,953.43,08/03/2023
487,Maria Bennett,barbarapennington@hotmail.com,425.995.9961x00231,419.02,14/06/2024
488,Timothy Alvarez,danielgilmore@stafford.com,9410175902,747.52,21/09/2023
489,Jerry Anderson,johnnykim@perez-harmon.biz,319.013.0205x69815,546.13,07/06/2023
490,Tina Chandler,marisahudson@yahoo.com,559.821.7661x91284,603.25,03/04/2023
491,David Guzman,walkershelia@yahoo.com,(512)418-9389x8469,220.54,27/02/2023
492,Stephanie Aguilar,johnsonrobert@gmail.com,023-850-3719x90516,219.42,23/04/2024
493,Tanya Clay,josephwilliams@gmail.com,835.674.3000x3896,435.84,27/06/2024
494,Alicia Olson,bdominguez@hotmail.com,(821)719-5535x60331,29.02,16/04/2024
495,Jason Goodwin,marksjohn@jones.info,(405)593-4296,336.13,21/01/2024
496,Mary Jones,wthornton@wallace.com,001-843-845-8810x56974,679.14,16/03/2023
497,Chad Daugherty,judy31@hardy-french.com,771.070.4496,404.32,05/09/2023
498,Angela Ramirez,ysmith@yahoo.com,033.626.8040x850,165.04,21/12/2024
499,Stephanie Livingston,katherinepeterson@hotmail.com,(601)864-8769x98426,467.39,12/01/2024
500,Tammy Anderson,lauren41@wise.com,001-609-454-4901,127.63,10/09/2023
